-- phpMyAdmin SQL Dump
-- version 4.6.6deb5ubuntu0.5
-- https://www.phpmyadmin.net/
--
-- Host: localhost:3306
-- Generation Time: Jan 11, 2021 at 04:54 PM
-- Server version: 10.1.47-MariaDB-0ubuntu0.18.04.1
-- PHP Version: 7.2.24-0ubuntu0.18.04.7

SET SQL_MODE = "NO_AUTO_VALUE_ON_ZERO";
SET time_zone = "+00:00";


/*!40101 SET @OLD_CHARACTER_SET_CLIENT=@@CHARACTER_SET_CLIENT */;
/*!40101 SET @OLD_CHARACTER_SET_RESULTS=@@CHARACTER_SET_RESULTS */;
/*!40101 SET @OLD_COLLATION_CONNECTION=@@COLLATION_CONNECTION */;
/*!40101 SET NAMES utf8mb4 */;

--
-- Database: `sellmycar`
--

-- --------------------------------------------------------

--
-- Table structure for table `authtoken_token`
--

CREATE TABLE `authtoken_token` (
  `key` varchar(40) COLLATE utf8_unicode_ci NOT NULL,
  `created` datetime(6) NOT NULL,
  `user_id` int(11) NOT NULL
) ENGINE=InnoDB DEFAULT CHARSET=utf8 COLLATE=utf8_unicode_ci;

--
-- Dumping data for table `authtoken_token`
--

INSERT INTO `authtoken_token` (`key`, `created`, `user_id`) VALUES
('f6b5975f5827c991eb17aee695df1eab998ccc8f', '2021-01-11 12:49:40.850874', 1);

-- --------------------------------------------------------

--
-- Table structure for table `auth_group`
--

CREATE TABLE `auth_group` (
  `id` int(11) NOT NULL,
  `name` varchar(150) COLLATE utf8_unicode_ci NOT NULL
) ENGINE=InnoDB DEFAULT CHARSET=utf8 COLLATE=utf8_unicode_ci;

-- --------------------------------------------------------

--
-- Table structure for table `auth_group_permissions`
--

CREATE TABLE `auth_group_permissions` (
  `id` int(11) NOT NULL,
  `group_id` int(11) NOT NULL,
  `permission_id` int(11) NOT NULL
) ENGINE=InnoDB DEFAULT CHARSET=utf8 COLLATE=utf8_unicode_ci;

-- --------------------------------------------------------

--
-- Table structure for table `auth_permission`
--

CREATE TABLE `auth_permission` (
  `id` int(11) NOT NULL,
  `name` varchar(255) COLLATE utf8_unicode_ci NOT NULL,
  `content_type_id` int(11) NOT NULL,
  `codename` varchar(100) COLLATE utf8_unicode_ci NOT NULL
) ENGINE=InnoDB DEFAULT CHARSET=utf8 COLLATE=utf8_unicode_ci;

--
-- Dumping data for table `auth_permission`
--

INSERT INTO `auth_permission` (`id`, `name`, `content_type_id`, `codename`) VALUES
(1, 'Can add log entry', 1, 'add_logentry'),
(2, 'Can change log entry', 1, 'change_logentry'),
(3, 'Can delete log entry', 1, 'delete_logentry'),
(4, 'Can view log entry', 1, 'view_logentry'),
(5, 'Can add permission', 2, 'add_permission'),
(6, 'Can change permission', 2, 'change_permission'),
(7, 'Can delete permission', 2, 'delete_permission'),
(8, 'Can view permission', 2, 'view_permission'),
(9, 'Can add group', 3, 'add_group'),
(10, 'Can change group', 3, 'change_group'),
(11, 'Can delete group', 3, 'delete_group'),
(12, 'Can view group', 3, 'view_group'),
(13, 'Can add user', 4, 'add_user'),
(14, 'Can change user', 4, 'change_user'),
(15, 'Can delete user', 4, 'delete_user'),
(16, 'Can view user', 4, 'view_user'),
(17, 'Can add content type', 5, 'add_contenttype'),
(18, 'Can change content type', 5, 'change_contenttype'),
(19, 'Can delete content type', 5, 'delete_contenttype'),
(20, 'Can view content type', 5, 'view_contenttype'),
(21, 'Can add session', 6, 'add_session'),
(22, 'Can change session', 6, 'change_session'),
(23, 'Can delete session', 6, 'delete_session'),
(24, 'Can view session', 6, 'view_session'),
(25, 'Can add Token', 7, 'add_token'),
(26, 'Can change Token', 7, 'change_token'),
(27, 'Can delete Token', 7, 'delete_token'),
(28, 'Can view Token', 7, 'view_token'),
(29, 'Can add specs', 8, 'add_specs'),
(30, 'Can change specs', 8, 'change_specs'),
(31, 'Can delete specs', 8, 'delete_specs'),
(32, 'Can view specs', 8, 'view_specs'),
(33, 'Can add marketplace inventory', 9, 'add_marketplaceinventory'),
(34, 'Can change marketplace inventory', 9, 'change_marketplaceinventory'),
(35, 'Can delete marketplace inventory', 9, 'delete_marketplaceinventory'),
(36, 'Can view marketplace inventory', 9, 'view_marketplaceinventory');

-- --------------------------------------------------------

--
-- Table structure for table `auth_user`
--

CREATE TABLE `auth_user` (
  `id` int(11) NOT NULL,
  `password` varchar(128) COLLATE utf8_unicode_ci NOT NULL,
  `last_login` datetime(6) DEFAULT NULL,
  `is_superuser` tinyint(1) NOT NULL,
  `username` varchar(150) COLLATE utf8_unicode_ci NOT NULL,
  `first_name` varchar(150) COLLATE utf8_unicode_ci NOT NULL,
  `last_name` varchar(150) COLLATE utf8_unicode_ci NOT NULL,
  `email` varchar(254) COLLATE utf8_unicode_ci NOT NULL,
  `is_staff` tinyint(1) NOT NULL,
  `is_active` tinyint(1) NOT NULL,
  `date_joined` datetime(6) NOT NULL
) ENGINE=InnoDB DEFAULT CHARSET=utf8 COLLATE=utf8_unicode_ci;

--
-- Dumping data for table `auth_user`
--

INSERT INTO `auth_user` (`id`, `password`, `last_login`, `is_superuser`, `username`, `first_name`, `last_name`, `email`, `is_staff`, `is_active`, `date_joined`) VALUES
(1, 'pbkdf2_sha256$216000$HGjGgJzhrwix$+KnAcljrubcYoB05CXtoSyi4aTJxVmR4apxcuK8CYEI=', '2021-01-11 15:42:35.214225', 1, 'jadhavkarthik', '', '', 'jadhavkarthik24@gmail.com', 1, 1, '2021-01-11 12:34:48.969037'),
(2, 'pbkdf2_sha256$216000$w5pqGgUHnuxv$qpNpDbbeZr0rMsma39ECwXnjI5lrRI0Fg+IVQtaNJhk=', NULL, 0, 'manjunath', '', '', '', 1, 1, '2021-01-11 16:15:32.000000');

-- --------------------------------------------------------

--
-- Table structure for table `auth_user_groups`
--

CREATE TABLE `auth_user_groups` (
  `id` int(11) NOT NULL,
  `user_id` int(11) NOT NULL,
  `group_id` int(11) NOT NULL
) ENGINE=InnoDB DEFAULT CHARSET=utf8 COLLATE=utf8_unicode_ci;

-- --------------------------------------------------------

--
-- Table structure for table `auth_user_user_permissions`
--

CREATE TABLE `auth_user_user_permissions` (
  `id` int(11) NOT NULL,
  `user_id` int(11) NOT NULL,
  `permission_id` int(11) NOT NULL
) ENGINE=InnoDB DEFAULT CHARSET=utf8 COLLATE=utf8_unicode_ci;

-- --------------------------------------------------------

--
-- Table structure for table `dealers_marketplaceinventory`
--

CREATE TABLE `dealers_marketplaceinventory` (
  `id` int(11) NOT NULL,
  `odometer_km` int(11) NOT NULL,
  `major_scratches` tinyint(1) NOT NULL,
  `original_paint` tinyint(1) NOT NULL,
  `number_of_accidents` smallint(6) NOT NULL,
  `number_of_previous_buyers` smallint(6) NOT NULL,
  `registration_place` varchar(128) COLLATE utf8_unicode_ci NOT NULL,
  `dealer_id` int(11) NOT NULL,
  `oem_model_id` int(11) NOT NULL
) ENGINE=InnoDB DEFAULT CHARSET=utf8 COLLATE=utf8_unicode_ci;

--
-- Dumping data for table `dealers_marketplaceinventory`
--

INSERT INTO `dealers_marketplaceinventory` (`id`, `odometer_km`, `major_scratches`, `original_paint`, `number_of_accidents`, `number_of_previous_buyers`, `registration_place`, `dealer_id`, `oem_model_id`) VALUES
(2, 234111, 1, 1, 2, 1, 'Hyderabad', 1, 1),
(3, 50000, 1, 1, 0, 2, 'Delhi', 1, 2),
(4, 50000, 1, 1, 0, 2, 'Delhi', 1, 2),
(5, 50000, 1, 1, 0, 2, 'Delhi', 1, 2),
(6, 50000, 1, 1, 0, 2, 'Delhi', 2, 2);

-- --------------------------------------------------------

--
-- Table structure for table `django_admin_log`
--

CREATE TABLE `django_admin_log` (
  `id` int(11) NOT NULL,
  `action_time` datetime(6) NOT NULL,
  `object_id` longtext COLLATE utf8_unicode_ci,
  `object_repr` varchar(200) COLLATE utf8_unicode_ci NOT NULL,
  `action_flag` smallint(5) UNSIGNED NOT NULL,
  `change_message` longtext COLLATE utf8_unicode_ci NOT NULL,
  `content_type_id` int(11) DEFAULT NULL,
  `user_id` int(11) NOT NULL
) ENGINE=InnoDB DEFAULT CHARSET=utf8 COLLATE=utf8_unicode_ci;

--
-- Dumping data for table `django_admin_log`
--

INSERT INTO `django_admin_log` (`id`, `action_time`, `object_id`, `object_repr`, `action_flag`, `change_message`, `content_type_id`, `user_id`) VALUES
(1, '2021-01-11 16:15:33.288860', '2', 'manjunath', 1, '[{\"added\": {}}]', 4, 1),
(2, '2021-01-11 16:15:42.415423', '2', 'manjunath', 2, '[{\"changed\": {\"fields\": [\"Staff status\"]}}]', 4, 1);

-- --------------------------------------------------------

--
-- Table structure for table `django_content_type`
--

CREATE TABLE `django_content_type` (
  `id` int(11) NOT NULL,
  `app_label` varchar(100) COLLATE utf8_unicode_ci NOT NULL,
  `model` varchar(100) COLLATE utf8_unicode_ci NOT NULL
) ENGINE=InnoDB DEFAULT CHARSET=utf8 COLLATE=utf8_unicode_ci;

--
-- Dumping data for table `django_content_type`
--

INSERT INTO `django_content_type` (`id`, `app_label`, `model`) VALUES
(1, 'admin', 'logentry'),
(3, 'auth', 'group'),
(2, 'auth', 'permission'),
(4, 'auth', 'user'),
(7, 'authtoken', 'token'),
(5, 'contenttypes', 'contenttype'),
(9, 'dealers', 'marketplaceinventory'),
(8, 'oem', 'specs'),
(6, 'sessions', 'session');

-- --------------------------------------------------------

--
-- Table structure for table `django_migrations`
--

CREATE TABLE `django_migrations` (
  `id` int(11) NOT NULL,
  `app` varchar(255) COLLATE utf8_unicode_ci NOT NULL,
  `name` varchar(255) COLLATE utf8_unicode_ci NOT NULL,
  `applied` datetime(6) NOT NULL
) ENGINE=InnoDB DEFAULT CHARSET=utf8 COLLATE=utf8_unicode_ci;

--
-- Dumping data for table `django_migrations`
--

INSERT INTO `django_migrations` (`id`, `app`, `name`, `applied`) VALUES
(1, 'contenttypes', '0001_initial', '2021-01-11 08:35:25.691849'),
(2, 'auth', '0001_initial', '2021-01-11 08:35:28.657575'),
(3, 'admin', '0001_initial', '2021-01-11 08:35:48.978852'),
(4, 'admin', '0002_logentry_remove_auto_add', '2021-01-11 08:35:58.287929'),
(5, 'admin', '0003_logentry_add_action_flag_choices', '2021-01-11 08:35:58.371163'),
(6, 'contenttypes', '0002_remove_content_type_name', '2021-01-11 08:36:01.781855'),
(7, 'auth', '0002_alter_permission_name_max_length', '2021-01-11 08:36:06.607067'),
(8, 'auth', '0003_alter_user_email_max_length', '2021-01-11 08:36:08.883827'),
(9, 'auth', '0004_alter_user_username_opts', '2021-01-11 08:36:08.962160'),
(10, 'auth', '0005_alter_user_last_login_null', '2021-01-11 08:36:13.686353'),
(11, 'auth', '0006_require_contenttypes_0002', '2021-01-11 08:36:14.398141'),
(12, 'auth', '0007_alter_validators_add_error_messages', '2021-01-11 08:36:15.705879'),
(13, 'auth', '0008_alter_user_username_max_length', '2021-01-11 08:36:19.060978'),
(14, 'auth', '0009_alter_user_last_name_max_length', '2021-01-11 08:36:21.224205'),
(15, 'auth', '0010_alter_group_name_max_length', '2021-01-11 08:36:23.274557'),
(16, 'auth', '0011_update_proxy_permissions', '2021-01-11 08:36:23.365387'),
(17, 'auth', '0012_alter_user_first_name_max_length', '2021-01-11 08:36:29.511494'),
(18, 'authtoken', '0001_initial', '2021-01-11 08:36:31.719981'),
(19, 'authtoken', '0002_auto_20160226_1747', '2021-01-11 08:36:40.185700'),
(20, 'sessions', '0001_initial', '2021-01-11 08:36:41.035362'),
(21, 'oem', '0001_initial', '2021-01-11 11:53:16.740928'),
(22, 'oem', '0002_auto_20210111_1155', '2021-01-11 11:55:18.045096'),
(23, 'oem', '0003_auto_20210111_1156', '2021-01-11 11:56:51.237642'),
(24, 'oem', '0004_auto_20210111_1312', '2021-01-11 13:12:31.976840'),
(25, 'dealers', '0001_initial', '2021-01-11 13:12:32.367042'),
(26, 'dealers', '0002_auto_20210111_1422', '2021-01-11 14:22:13.111660'),
(27, 'dealers', '0003_auto_20210111_1550', '2021-01-11 15:50:52.364539');

-- --------------------------------------------------------

--
-- Table structure for table `django_session`
--

CREATE TABLE `django_session` (
  `session_key` varchar(40) COLLATE utf8_unicode_ci NOT NULL,
  `session_data` longtext COLLATE utf8_unicode_ci NOT NULL,
  `expire_date` datetime(6) NOT NULL
) ENGINE=InnoDB DEFAULT CHARSET=utf8 COLLATE=utf8_unicode_ci;

--
-- Dumping data for table `django_session`
--

INSERT INTO `django_session` (`session_key`, `session_data`, `expire_date`) VALUES
('rp1ujlt2kjf9wbvd614t1tg9wogra2vn', '.eJxVjEEOwiAQRe_C2hAopTO4dO8ZyHSmSNVAUtqV8e7apAvd_vfef6lI25rj1qYlzqLOyqrT7zYSP6ayA7lTuVXNtazLPOpd0Qdt-lplel4O9-8gU8vfmsiDNxAwseXEDgMOQdA6hhBw5A6cpY5sLyTeIOAAIfUGpLcpMQ3q_QHVbTeT:1kyuBf:FovB4tgi-dedcUmNgTJby9C3ozWrSnitBb3IB7YBED8', '2021-01-25 15:42:35.340730');

-- --------------------------------------------------------

--
-- Table structure for table `oem_specs`
--

CREATE TABLE `oem_specs` (
  `id` int(11) NOT NULL,
  `model_name` varchar(128) COLLATE utf8_unicode_ci NOT NULL,
  `year` smallint(6) NOT NULL,
  `list_price` int(11) NOT NULL,
  `color` varchar(64) COLLATE utf8_unicode_ci NOT NULL,
  `mileage` smallint(6) NOT NULL,
  `power` int(10) UNSIGNED NOT NULL,
  `max_speed` smallint(6) NOT NULL
) ENGINE=InnoDB DEFAULT CHARSET=utf8 COLLATE=utf8_unicode_ci;

--
-- Dumping data for table `oem_specs`
--

INSERT INTO `oem_specs` (`id`, `model_name`, `year`, `list_price`, `color`, `mileage`, `power`, `max_speed`) VALUES
(1, 'Honda City', 2015, 1342356, 'Purple', 20, 1347, 160),
(2, 'Honda City', 2016, 1345356, 'White', 20, 1347, 160),
(3, 'Honda Civic', 2016, 1565356, 'Black', 20, 1547, 180);

--
-- Indexes for dumped tables
--

--
-- Indexes for table `authtoken_token`
--
ALTER TABLE `authtoken_token`
  ADD PRIMARY KEY (`key`),
  ADD UNIQUE KEY `user_id` (`user_id`);

--
-- Indexes for table `auth_group`
--
ALTER TABLE `auth_group`
  ADD PRIMARY KEY (`id`),
  ADD UNIQUE KEY `name` (`name`);

--
-- Indexes for table `auth_group_permissions`
--
ALTER TABLE `auth_group_permissions`
  ADD PRIMARY KEY (`id`),
  ADD UNIQUE KEY `auth_group_permissions_group_id_permission_id_0cd325b0_uniq` (`group_id`,`permission_id`),
  ADD KEY `auth_group_permissio_permission_id_84c5c92e_fk_auth_perm` (`permission_id`);

--
-- Indexes for table `auth_permission`
--
ALTER TABLE `auth_permission`
  ADD PRIMARY KEY (`id`),
  ADD UNIQUE KEY `auth_permission_content_type_id_codename_01ab375a_uniq` (`content_type_id`,`codename`);

--
-- Indexes for table `auth_user`
--
ALTER TABLE `auth_user`
  ADD PRIMARY KEY (`id`),
  ADD UNIQUE KEY `username` (`username`);

--
-- Indexes for table `auth_user_groups`
--
ALTER TABLE `auth_user_groups`
  ADD PRIMARY KEY (`id`),
  ADD UNIQUE KEY `auth_user_groups_user_id_group_id_94350c0c_uniq` (`user_id`,`group_id`),
  ADD KEY `auth_user_groups_group_id_97559544_fk_auth_group_id` (`group_id`);

--
-- Indexes for table `auth_user_user_permissions`
--
ALTER TABLE `auth_user_user_permissions`
  ADD PRIMARY KEY (`id`),
  ADD UNIQUE KEY `auth_user_user_permissions_user_id_permission_id_14a6b632_uniq` (`user_id`,`permission_id`),
  ADD KEY `auth_user_user_permi_permission_id_1fbb5f2c_fk_auth_perm` (`permission_id`);

--
-- Indexes for table `dealers_marketplaceinventory`
--
ALTER TABLE `dealers_marketplaceinventory`
  ADD PRIMARY KEY (`id`),
  ADD KEY `dealers_marketplaceinventory_dealer_id_f936a3b5_fk_auth_user_id` (`dealer_id`),
  ADD KEY `dealers_marketplacei_oem_model_id_6f719c8e_fk_oem_specs` (`oem_model_id`);

--
-- Indexes for table `django_admin_log`
--
ALTER TABLE `django_admin_log`
  ADD PRIMARY KEY (`id`),
  ADD KEY `django_admin_log_content_type_id_c4bce8eb_fk_django_co` (`content_type_id`),
  ADD KEY `django_admin_log_user_id_c564eba6_fk_auth_user_id` (`user_id`);

--
-- Indexes for table `django_content_type`
--
ALTER TABLE `django_content_type`
  ADD PRIMARY KEY (`id`),
  ADD UNIQUE KEY `django_content_type_app_label_model_76bd3d3b_uniq` (`app_label`,`model`);

--
-- Indexes for table `django_migrations`
--
ALTER TABLE `django_migrations`
  ADD PRIMARY KEY (`id`);

--
-- Indexes for table `django_session`
--
ALTER TABLE `django_session`
  ADD PRIMARY KEY (`session_key`),
  ADD KEY `django_session_expire_date_a5c62663` (`expire_date`);

--
-- Indexes for table `oem_specs`
--
ALTER TABLE `oem_specs`
  ADD PRIMARY KEY (`id`);

--
-- AUTO_INCREMENT for dumped tables
--

--
-- AUTO_INCREMENT for table `auth_group`
--
ALTER TABLE `auth_group`
  MODIFY `id` int(11) NOT NULL AUTO_INCREMENT;
--
-- AUTO_INCREMENT for table `auth_group_permissions`
--
ALTER TABLE `auth_group_permissions`
  MODIFY `id` int(11) NOT NULL AUTO_INCREMENT;
--
-- AUTO_INCREMENT for table `auth_permission`
--
ALTER TABLE `auth_permission`
  MODIFY `id` int(11) NOT NULL AUTO_INCREMENT, AUTO_INCREMENT=37;
--
-- AUTO_INCREMENT for table `auth_user`
--
ALTER TABLE `auth_user`
  MODIFY `id` int(11) NOT NULL AUTO_INCREMENT, AUTO_INCREMENT=3;
--
-- AUTO_INCREMENT for table `auth_user_groups`
--
ALTER TABLE `auth_user_groups`
  MODIFY `id` int(11) NOT NULL AUTO_INCREMENT;
--
-- AUTO_INCREMENT for table `auth_user_user_permissions`
--
ALTER TABLE `auth_user_user_permissions`
  MODIFY `id` int(11) NOT NULL AUTO_INCREMENT;
--
-- AUTO_INCREMENT for table `dealers_marketplaceinventory`
--
ALTER TABLE `dealers_marketplaceinventory`
  MODIFY `id` int(11) NOT NULL AUTO_INCREMENT, AUTO_INCREMENT=7;
--
-- AUTO_INCREMENT for table `django_admin_log`
--
ALTER TABLE `django_admin_log`
  MODIFY `id` int(11) NOT NULL AUTO_INCREMENT, AUTO_INCREMENT=3;
--
-- AUTO_INCREMENT for table `django_content_type`
--
ALTER TABLE `django_content_type`
  MODIFY `id` int(11) NOT NULL AUTO_INCREMENT, AUTO_INCREMENT=10;
--
-- AUTO_INCREMENT for table `django_migrations`
--
ALTER TABLE `django_migrations`
  MODIFY `id` int(11) NOT NULL AUTO_INCREMENT, AUTO_INCREMENT=28;
--
-- AUTO_INCREMENT for table `oem_specs`
--
ALTER TABLE `oem_specs`
  MODIFY `id` int(11) NOT NULL AUTO_INCREMENT, AUTO_INCREMENT=4;
--
-- Constraints for dumped tables
--

--
-- Constraints for table `authtoken_token`
--
ALTER TABLE `authtoken_token`
  ADD CONSTRAINT `authtoken_token_user_id_35299eff_fk_auth_user_id` FOREIGN KEY (`user_id`) REFERENCES `auth_user` (`id`);

--
-- Constraints for table `auth_group_permissions`
--
ALTER TABLE `auth_group_permissions`
  ADD CONSTRAINT `auth_group_permissio_permission_id_84c5c92e_fk_auth_perm` FOREIGN KEY (`permission_id`) REFERENCES `auth_permission` (`id`),
  ADD CONSTRAINT `auth_group_permissions_group_id_b120cbf9_fk_auth_group_id` FOREIGN KEY (`group_id`) REFERENCES `auth_group` (`id`);

--
-- Constraints for table `auth_permission`
--
ALTER TABLE `auth_permission`
  ADD CONSTRAINT `auth_permission_content_type_id_2f476e4b_fk_django_co` FOREIGN KEY (`content_type_id`) REFERENCES `django_content_type` (`id`);

--
-- Constraints for table `auth_user_groups`
--
ALTER TABLE `auth_user_groups`
  ADD CONSTRAINT `auth_user_groups_group_id_97559544_fk_auth_group_id` FOREIGN KEY (`group_id`) REFERENCES `auth_group` (`id`),
  ADD CONSTRAINT `auth_user_groups_user_id_6a12ed8b_fk_auth_user_id` FOREIGN KEY (`user_id`) REFERENCES `auth_user` (`id`);

--
-- Constraints for table `auth_user_user_permissions`
--
ALTER TABLE `auth_user_user_permissions`
  ADD CONSTRAINT `auth_user_user_permi_permission_id_1fbb5f2c_fk_auth_perm` FOREIGN KEY (`permission_id`) REFERENCES `auth_permission` (`id`),
  ADD CONSTRAINT `auth_user_user_permissions_user_id_a95ead1b_fk_auth_user_id` FOREIGN KEY (`user_id`) REFERENCES `auth_user` (`id`);

--
-- Constraints for table `dealers_marketplaceinventory`
--
ALTER TABLE `dealers_marketplaceinventory`
  ADD CONSTRAINT `dealers_marketplacei_oem_model_id_6f719c8e_fk_oem_specs` FOREIGN KEY (`oem_model_id`) REFERENCES `oem_specs` (`id`),
  ADD CONSTRAINT `dealers_marketplaceinventory_dealer_id_f936a3b5_fk_auth_user_id` FOREIGN KEY (`dealer_id`) REFERENCES `auth_user` (`id`);

--
-- Constraints for table `django_admin_log`
--
ALTER TABLE `django_admin_log`
  ADD CONSTRAINT `django_admin_log_content_type_id_c4bce8eb_fk_django_co` FOREIGN KEY (`content_type_id`) REFERENCES `django_content_type` (`id`),
  ADD CONSTRAINT `django_admin_log_user_id_c564eba6_fk_auth_user_id` FOREIGN KEY (`user_id`) REFERENCES `auth_user` (`id`);

/*!40101 SET CHARACTER_SET_CLIENT=@OLD_CHARACTER_SET_CLIENT */;
/*!40101 SET CHARACTER_SET_RESULTS=@OLD_CHARACTER_SET_RESULTS */;
/*!40101 SET COLLATION_CONNECTION=@OLD_COLLATION_CONNECTION */;
